{
  "buildCommand": "npm run build",
  "outputDirectory": "dist",
  "devCommand": "npm run dev",
  "installCommand": "npm install",
  "framework": "vite",
  "rewrites": [
    {
      "source": "/((?!robots\\.txt|sitemap\\.xml|manifest\\.json|favicon\\.ico|.*\\.png|.*\\.svg|.*\\.jpg|.*\\.jpeg).*)",
      "destination": "/index.html"
    }
  ],
  "headers": [
    {
      "source": "/robots.txt",
      "headers": [
        {
          "key": "Content-Type",
          "value": "text/plain"
        },
        {
          "key": "Cache-Control",
          "value": "public, max-age=3600"
        }
      ]
    },
    {
      "source": "/sitemap.xml",
      "headers": [
        {
          "key": "Content-Type",
          "value": "application/xml"
        },
        {
          "key": "Cache-Control",
          "value": "public, max-age=3600"
        }
      ]
    },
    {
      "source": "/manifest.json",
      "headers": [
        {
          "key": "Content-Type",
          "value": "application/manifest+json"
        }
      ]
    },
    {
      "source": "/(.*)",
      "headers": [
        {
          "key": "X-Content-Type-Options",
          "value": "nosniff"
        },
        {
          "key": "X-Frame-Options",
          "value": "DENY"
        },
        {
          "key": "X-XSS-Protection",
          "value": "1; mode=block"
        },
        {
          "key": "Referrer-Policy",
          "value": "strict-origin-when-cross-origin"
        }
      ]
    }
  ]
}

